ID,grupo_de_prueba,subgrupo,variante,texto,texto_normalizado,resultado_esperado,label_esperado,por_que,pred_mbert,conf_mbert,pred_xlmr,conf_xlmr,ok_mbert,clase_mbert,ok_xlmr,clase_xlmr
ADV-0001,A. Ofuscación de groserías,Sos una puta barata,original,Sos una puta barata,Sos una puta barata,Lenguaje Ofensivo,1,,1,0.9878935786810229,1,0.4829762563944857,True,Lenguaje Ofensivo,True,Lenguaje Ofensivo
ADV-0002,A. Ofuscación de groserías,Sos una puta barata,asterisco,Sos una p*ta barata,Sos una p*ta barata,Lenguaje Ofensivo,1,,1,0.9829358584063077,1,0.922924394360612,True,Lenguaje Ofensivo,True,Lenguaje Ofensivo
ADV-0003,A. Ofuscación de groserías,Sos una puta barata,arroba,Sos una put@ barata,Sos una put@ barata,Lenguaje Ofensivo,1,,1,0.9856609933051405,1,0.9109132303924441,True,Lenguaje Ofensivo,True,Lenguaje Ofensivo
ADV-0004,A. Ofuscación de groserías,Sos una puta barata,numeral,Sos una p#ta barata,Sos una p#ta barata,Lenguaje Ofensivo,1,,0,0.8742455185210768,1,0.8084781644307795,False,No Tóxico,True,Lenguaje Ofensivo
ADV-0005,A. Ofuscación de groserías,Sos una puta barata,leetspeak,Sos una pu74 barata,Sos una pu74 barata,Lenguaje Ofensivo,1,,1,0.9827930430686359,1,0.8960377173488904,True,Lenguaje Ofensivo,True,Lenguaje Ofensivo
ADV-0006,A. Ofuscación de groserías,Sos una puta barata,vocal_v,Sos una pvta barata,Sos una pvta barata,Lenguaje Ofensivo,1,,1,0.9858029167565178,1,0.939559690623859,True,Lenguaje Ofensivo,True,Lenguaje Ofensivo
ADV-0007,A. Ofuscación de groserías,Sos una puta barata,espaciado,Sos una p u t a barata,Sos una p u t a barata,Lenguaje Ofensivo,1,,1,0.9043558262171137,1,0.566965440085128,True,Lenguaje Ofensivo,True,Lenguaje Ofensivo
ADV-0008,A. Ofuscación de groserías,Sos una puta barata,repeticion,Sos una puuuta barata,Sos una puuuta barata,Lenguaje Ofensivo,1,,1,0.9865159579960942,1,0.8342789419416609,True,Lenguaje Ofensivo,True,Lenguaje Ofensivo
ADV-0009,A. Ofuscación de groserías,Qué mierda de gente,original,Qué mierda de gente,Qué mierda de gente,Lenguaje Ofensivo,1,,1,0.9854934126004055,1,0.9477677638605141,True,Lenguaje Ofensivo,True,Lenguaje Ofensivo
ADV-0010,A. Ofuscación de groserías,Qué mierda de gente,leetspeak,Qué m13rda de gente,Qué m13rda de gente,Lenguaje Ofensivo,1,,1,0.9847799958346851,1,0.9470624633243384,True,Lenguaje Ofensivo,True,Lenguaje Ofensivo
ADV-0011,A. Ofuscación de groserías,Qué mierda de gente,asterisco,Qué m*erda de gente,Qué m*erda de gente,Lenguaje Ofensivo,1,,1,0.9838357033016207,1,0.9289922261930618,True,Lenguaje Ofensivo,True,Lenguaje Ofensivo
ADV-0012,A. Ofuscación de groserías,Qué mierda de gente,arroba,Qué mierd@ de gente,Qué mierd@ de gente,Lenguaje Ofensivo,1,,1,0.9872932696237269,1,0.9476683850335603,True,Lenguaje Ofensivo,True,Lenguaje Ofensivo
ADV-0013,A. Ofuscación de groserías,Andate a la verga pendejo,original,Andate a la verga pendejo,Andate a la verga pendejo,Lenguaje Ofensivo,1,,1,0.9883629828206452,1,0.9300382470050277,True,Lenguaje Ofensivo,True,Lenguaje Ofensivo
ADV-0014,A. Ofuscación de groserías,Andate a la verga pendejo,leetspeak,Andate a la v3rg4 p3nd3j0,Andate a la v3rg4 p3nd3j0,Lenguaje Ofensivo,1,,1,0.972074526901958,1,0.9366672821382342,True,Lenguaje Ofensivo,True,Lenguaje Ofensivo
ADV-0015,A. Ofuscación de groserías,Andate a la verga pendejo,asterisco,Andate a la v*rga p*ndejo,Andate a la v*rga p*ndejo,Lenguaje Ofensivo,1,,1,0.9365727756648823,1,0.9510147070515166,True,Lenguaje Ofensivo,True,Lenguaje Ofensivo
ADV-0016,A. Ofuscación de groserías,Andate a la verga pendejo,numeral,Andate a la v#rga p#ndejo,Andate a la v#rga p#ndejo,Lenguaje Ofensivo,1,,0,0.9884540230564977,1,0.8218754672333165,False,No Tóxico,True,Lenguaje Ofensivo
ADV-0017,A. Ofuscación de groserías,Son unos hijos de puta,original,Son unos hijos de puta,Son unos hijos de puta,Lenguaje Ofensivo,1,,1,0.9692342615275674,2,0.8938658827762551,True,Lenguaje Ofensivo,False,Discurso de Odio
ADV-0018,A. Ofuscación de groserías,Son unos hijos de puta,sigla,Son unos HDP,Son unos HDP,Lenguaje Ofensivo,1,,1,0.37830273211069665,1,0.41729377712082705,True,Lenguaje Ofensivo,True,Lenguaje Ofensivo
ADV-0019,A. Ofuscación de groserías,Son unos hijos de puta,leetspeak,Son unos hij0s d3 pu74,Son unos hij0s d3 pu74,Lenguaje Ofensivo,1,,1,0.9838547618888194,2,0.7887723090751356,True,Lenguaje Ofensivo,False,Discurso de Odio
ADV-0020,A. Ofuscación de groserías,Son unos hijos de puta,asterisco,Son unos hijos de p***,Son unos hijos de p***,Lenguaje Ofensivo,1,,1,0.5325163930001345,2,0.8488721408473833,True,Lenguaje Ofensivo,False,Discurso de Odio
ADV-0021,B. Emojis,Insulto por emoji,solo_texto,Mira a este tipo,Mira a este tipo,Lenguaje Ofensivo,1,,2,0.5483817304584212,3,0.7924060420262079,False,Discurso de Odio,False,Amenazas/Violencia
ADV-0022,B. Emojis,Insulto por emoji,con_payaso,Mira a este tipo 🤡,Mira a este tipo :cara_de_payaso:,Lenguaje Ofensivo,1,,1,0.9850407897013779,1,0.9638688230496807,True,Lenguaje Ofensivo,True,Lenguaje Ofensivo
ADV-0023,B. Emojis,Insulto por emoji,con_caca,Mira a este tipo 💩,Mira a este tipo :caca_con_ojos:,Lenguaje Ofensivo,1,,1,0.9837862904863837,1,0.962585526527375,True,Lenguaje Ofensivo,True,Lenguaje Ofensivo
ADV-0024,B. Emojis,Insulto por emoji,con_dedo,Mira a este tipo 🖕,Mira a este tipo :dedo_corazón_hacia_arriba:,Lenguaje Ofensivo,1,,1,0.9792072485487433,1,0.9631622644133243,True,Lenguaje Ofensivo,True,Lenguaje Ofensivo
ADV-0025,B. Emojis,Insulto por emoji,con_dedo_tono,Mira a este tipo 🖕🏽,Mira a este tipo :dedo_corazón_hacia_arriba:,Lenguaje Ofensivo,1,,1,0.9792072485487433,1,0.9631622644133243,True,Lenguaje Ofensivo,True,Lenguaje Ofensivo
ADV-0026,B. Emojis,Insulto por emoji,multiple,Mira a este tipo 🤡💩🖕,Mira a este tipo :cara_de_payaso: :caca_con_ojos: :dedo_corazón_hacia_arriba:,Lenguaje Ofensivo,1,,1,0.9825051851183243,1,0.9614436414203121,True,Lenguaje Ofensivo,True,Lenguaje Ofensivo
ADV-0027,B. Emojis,Odio racial por emoji,neutro,Los jugadores de ese equipo,Los jugadores de ese equipo,Discurso de Odio,2,,0,0.9889662473261058,0,0.9811115861506601,False,No Tóxico,False,No Tóxico
ADV-0028,B. Emojis,Odio racial por emoji,mono,Los jugadores de ese equipo 🐒,Los jugadores de ese equipo :mono:,Discurso de Odio,2,,0,0.8917566336502801,0,0.9534776085651642,False,No Tóxico,False,No Tóxico
ADV-0029,B. Emojis,Odio racial por emoji,mono_bandera,Los jugadores de ese equipo 🐒🇸🇻,Los jugadores de ese equipo :mono: :bandera_el_salvador:,Discurso de Odio,2,,1,0.9498141708567082,1,0.8811237470903519,False,Lenguaje Ofensivo,False,Lenguaje Ofensivo
ADV-0030,B. Emojis,Odio racial por emoji,bestializacion,Esos 🐒🐒 no merecen jugar,Esos :mono: :mono: no merecen jugar,Discurso de Odio,2,,2,0.9121163246394602,1,0.5027521730429925,True,Discurso de Odio,False,Lenguaje Ofensivo
ADV-0031,B. Emojis,Amenaza por emoji,neutro,Te espero afuera,Te espero afuera,Amenazas/Violencia,3,,1,0.7435338415744964,0,0.7269006176510276,False,Lenguaje Ofensivo,False,No Tóxico
ADV-0032,B. Emojis,Amenaza por emoji,pistola,Te espero afuera 🔫,Te espero afuera :pistola_de_agua:,Amenazas/Violencia,3,,1,0.9812338598387613,1,0.947558590203002,False,Lenguaje Ofensivo,False,Lenguaje Ofensivo
ADV-0033,B. Emojis,Amenaza por emoji,cuchillo,Te espero afuera 🔪,Te espero afuera :cuchillo_de_cocina:,Amenazas/Violencia,3,,1,0.9815948893952576,1,0.9425575161423584,False,Lenguaje Ofensivo,False,Lenguaje Ofensivo
ADV-0034,B. Emojis,Amenaza por emoji,ataud,Te espero afuera ⚰️,Te espero afuera :ataúd:,Amenazas/Violencia,3,,1,0.9038224705706533,0,0.759143954512346,False,Lenguaje Ofensivo,False,No Tóxico
ADV-0035,B. Emojis,Amenaza por emoji,combo,Te espero afuera 🔫⚰️,Te espero afuera :pistola_de_agua: :ataúd:,Amenazas/Violencia,3,,1,0.9841503046736143,1,0.9605622344107002,False,Lenguaje Ofensivo,False,Lenguaje Ofensivo
ADV-0036,B. Emojis,Positivo con emoji,neutro,Qué alegre verte de nuevo,Qué alegre verte de nuevo,No Tóxico,0,,0,0.6577476744521357,0,0.9576904215856371,True,No Tóxico,True,No Tóxico
ADV-0037,B. Emojis,Positivo con emoji,corazon,Qué alegre verte de nuevo ❤️,Qué alegre verte de nuevo :corazón_rojo:,No Tóxico,0,,1,0.976345678032024,1,0.914508959463091,False,Lenguaje Ofensivo,False,Lenguaje Ofensivo
ADV-0038,B. Emojis,Positivo con emoji,risa,Qué alegre verte de nuevo 😂,Qué alegre verte de nuevo :cara_llorando_de_risa:,No Tóxico,0,,1,0.9777159733384763,1,0.9286182999131266,False,Lenguaje Ofensivo,False,Lenguaje Ofensivo
ADV-0039,C. Amenazas ofuscadas,Te voy a matar,original,Te voy a matar,Te voy a matar,Amenazas/Violencia,3,,3,0.9882476302330129,3,0.9664526241868984,True,Amenazas/Violencia,True,Amenazas/Violencia
ADV-0040,C. Amenazas ofuscadas,Te voy a matar,leetspeak,Te voy a m4t4r,Te voy a m4t4r,Amenazas/Violencia,3,,1,0.9737715831525258,1,0.5391034738893294,False,Lenguaje Ofensivo,False,Lenguaje Ofensivo
ADV-0041,C. Amenazas ofuscadas,Te voy a matar,asterisco,Te voy a m*tar,Te voy a m*tar,Amenazas/Violencia,3,,1,0.9717638637456067,1,0.5903875600922409,False,Lenguaje Ofensivo,False,Lenguaje Ofensivo
ADV-0042,C. Amenazas ofuscadas,Te voy a matar,eufemismo,Te voy a dar piso,Te voy a dar piso,Amenazas/Violencia,3,,3,0.9664539487501289,0,0.4258744319865274,True,Amenazas/Violencia,False,No Tóxico
ADV-0043,C. Amenazas ofuscadas,Te voy a matar,indirecta,Ya sabés lo que te va a pasar,Ya sabés lo que te va a pasar,Amenazas/Violencia,3,,1,0.9480776675336053,0,0.6321545021703184,False,Lenguaje Ofensivo,False,No Tóxico
ADV-0044,C. Amenazas ofuscadas,Hay que matarlos a todos,original,Hay que matarlos a todos,Hay que matarlos a todos,Amenazas/Violencia,3,,3,0.9893812909106362,3,0.9801768787739454,True,Amenazas/Violencia,True,Amenazas/Violencia
ADV-0045,C. Amenazas ofuscadas,Hay que matarlos a todos,leetspeak,Hay que m4t4rl0s a todos,Hay que m4t4rl0s a todos,Amenazas/Violencia,3,,1,0.955272463760025,1,0.7504583374297487,False,Lenguaje Ofensivo,False,Lenguaje Ofensivo
ADV-0046,C. Amenazas ofuscadas,Hay que matarlos a todos,eufemismo_sv,Hay que darles cuello a todos,Hay que darles cuello a todos,Amenazas/Violencia,3,,3,0.9872618495628305,3,0.9462795276512288,True,Amenazas/Violencia,True,Amenazas/Violencia
ADV-0047,C. Amenazas ofuscadas,Hay que matarlos a todos,celebracion,"Bien hecho que lo mataron, uno menos","Bien hecho que lo mataron, uno menos",Amenazas/Violencia,3,,3,0.9880265918589715,3,0.9787661864260141,True,Amenazas/Violencia,True,Amenazas/Violencia
ADV-0048,C. Amenazas ofuscadas,Ojalá se muera,original,Ojalá se muera ese maldito,Ojalá se muera ese maldito,Amenazas/Violencia,3,,3,0.9868675886273857,3,0.9762818801633631,True,Amenazas/Violencia,True,Amenazas/Violencia
ADV-0049,C. Amenazas ofuscadas,Ojalá se muera,asterisco,Ojalá se m*era ese maldito,Ojalá se m*era ese maldito,Amenazas/Violencia,3,,1,0.8961554671649924,1,0.8525446712871338,False,Lenguaje Ofensivo,False,Lenguaje Ofensivo
ADV-0050,D. Jerga salvadoreña inofensiva,neutro con jerga,-,"Qué verga, maje, qué alegre verte","Qué verga, maje, qué alegre verte",No Tóxico,0,,1,0.9837465384127319,1,0.8967727326774033,False,Lenguaje Ofensivo,False,Lenguaje Ofensivo
ADV-0051,D. Jerga salvadoreña inofensiva,neutro con jerga,-,"Puta, qué rico estuvo el almuerzo","Puta, qué rico estuvo el almuerzo",No Tóxico,0,,0,0.9605454253876247,0,0.9627074568820488,True,No Tóxico,True,No Tóxico
ADV-0052,D. Jerga salvadoreña inofensiva,neutro con jerga,-,"A huevo que sí, vamos a la playa","A huevo que sí, vamos a la playa",No Tóxico,0,,1,0.6349279917606503,0,0.9659076272959292,False,Lenguaje Ofensivo,True,No Tóxico
ADV-0053,D. Jerga salvadoreña inofensiva,neutro con jerga,-,Ese cerote es mi mejor amigo desde la escuela,Ese cerote es mi mejor amigo desde la escuela,No Tóxico,0,,1,0.8685651284276589,0,0.6663411211675481,False,Lenguaje Ofensivo,True,No Tóxico
ADV-0054,D. Jerga salvadoreña inofensiva,neutro con jerga,-,"Qué chivo tu carro, maje","Qué chivo tu carro, maje",No Tóxico,0,,1,0.9240196103671127,1,0.6826059268567709,False,Lenguaje Ofensivo,False,Lenguaje Ofensivo
ADV-0055,D. Jerga salvadoreña inofensiva,neutro con jerga,-,"No sea bicho, ayudame con esto","No sea bicho, ayudame con esto",No Tóxico,0,,1,0.7749299164474205,1,0.8618188858028653,False,Lenguaje Ofensivo,False,Lenguaje Ofensivo
ADV-0056,D. Jerga salvadoreña inofensiva,neutro con jerga,-,"Vaya pues, nos vemos mañana cabal","Vaya pues, nos vemos mañana cabal",No Tóxico,0,,0,0.9395097433726801,0,0.9395930426866844,True,No Tóxico,True,No Tóxico
ADV-0057,D. Jerga salvadoreña inofensiva,neutro con jerga,-,Está bien vergón el concierto,Está bien vergón el concierto,No Tóxico,0,,1,0.8383580444949518,0,0.8993797821155549,False,Lenguaje Ofensivo,True,No Tóxico
ADV-0058,D. Jerga salvadoreña inofensiva,neutro con jerga,-,"Qué onda maje, todo tranquilo","Qué onda maje, todo tranquilo",No Tóxico,0,,1,0.9831864240958419,1,0.9095507928939869,False,Lenguaje Ofensivo,False,Lenguaje Ofensivo
ADV-0059,D. Jerga salvadoreña inofensiva,neutro con jerga,-,Mi cipote ya cumplió los quince,Mi cipote ya cumplió los quince,No Tóxico,0,,1,0.9759732403076025,0,0.8030032231164907,False,Lenguaje Ofensivo,True,No Tóxico
ADV-0060,D. Jerga salvadoreña inofensiva,neutro con jerga,-,Andaba bien pedo pero llegó bien,Andaba bien pedo pero llegó bien,No Tóxico,0,,1,0.8264693502031308,0,0.6594417210880339,False,Lenguaje Ofensivo,True,No Tóxico
ADV-0061,D. Jerga salvadoreña inofensiva,neutro con jerga,-,"Puchica, se me olvidó la cita","Puchica, se me olvidó la cita",No Tóxico,0,,1,0.9132691612420375,1,0.7324113948821256,False,Lenguaje Ofensivo,False,Lenguaje Ofensivo
ADV-0062,D. Jerga salvadoreña inofensiva,neutro con jerga,-,Vamos a comer pupusas al mercado,Vamos a comer pupusas al mercado,No Tóxico,0,,1,0.9671966601762433,0,0.8070655294385936,False,Lenguaje Ofensivo,True,No Tóxico
ADV-0063,D. Jerga salvadoreña inofensiva,neutro con jerga,-,Ese bayunco no sabe ni manejar,Ese bayunco no sabe ni manejar,No Tóxico,0,,1,0.9848033414591854,1,0.938895517367949,False,Lenguaje Ofensivo,False,Lenguaje Ofensivo
ADV-0064,E. Control sin jerga,neutro estándar,-,Qué bueno verte de nuevo,Qué bueno verte de nuevo,No Tóxico,0,,0,0.9766304047655839,0,0.9515685923101764,True,No Tóxico,True,No Tóxico
ADV-0065,E. Control sin jerga,neutro estándar,-,Estuvo muy rico el almuerzo,Estuvo muy rico el almuerzo,No Tóxico,0,,0,0.9641442870343183,0,0.9737545827366271,True,No Tóxico,True,No Tóxico
ADV-0066,E. Control sin jerga,neutro estándar,-,"Claro que sí, vamos a la playa","Claro que sí, vamos a la playa",No Tóxico,0,,0,0.9873173514687827,0,0.9492537421895096,True,No Tóxico,True,No Tóxico
ADV-0067,E. Control sin jerga,neutro estándar,-,Ese muchacho es mi mejor amigo desde la escuela,Ese muchacho es mi mejor amigo desde la escuela,No Tóxico,0,,0,0.9892787630563875,0,0.9238394777874637,True,No Tóxico,True,No Tóxico
ADV-0068,E. Control sin jerga,neutro estándar,-,Qué bonito tu carro,Qué bonito tu carro,No Tóxico,0,,0,0.9794273595383278,0,0.9781020641678899,True,No Tóxico,True,No Tóxico
ADV-0069,E. Control sin jerga,neutro estándar,-,Por favor ayudame con esto,Por favor ayudame con esto,No Tóxico,0,,0,0.9881786224503833,0,0.8741892395962199,True,No Tóxico,True,No Tóxico
ADV-0070,E. Control sin jerga,neutro estándar,-,"Está bien, nos vemos mañana","Está bien, nos vemos mañana",No Tóxico,0,,0,0.9907372253623424,0,0.9488097573795774,True,No Tóxico,True,No Tóxico
ADV-0071,E. Control sin jerga,neutro estándar,-,Estuvo excelente el concierto,Estuvo excelente el concierto,No Tóxico,0,,0,0.9896728986538544,0,0.9866649601141678,True,No Tóxico,True,No Tóxico
ADV-0072,E. Control sin jerga,neutro estándar,-,"Hola, todo tranquilo","Hola, todo tranquilo",No Tóxico,0,,0,0.7943500075335647,0,0.9313661989054854,True,No Tóxico,True,No Tóxico
ADV-0073,E. Control sin jerga,neutro estándar,-,Mi hijo ya cumplió los quince,Mi hijo ya cumplió los quince,No Tóxico,0,,0,0.986532820060236,0,0.9451206157234535,True,No Tóxico,True,No Tóxico
ADV-0074,E. Control sin jerga,neutro estándar,-,Se me olvidó la cita,Se me olvidó la cita,No Tóxico,0,,0,0.9730557105725043,0,0.5249162370489091,True,No Tóxico,True,No Tóxico
ADV-0075,E. Control sin jerga,neutro estándar,-,Vamos a comer al mercado,Vamos a comer al mercado,No Tóxico,0,,0,0.9601943834275003,0,0.899481093228076,True,No Tóxico,True,No Tóxico
ADV-0076,F. Falsos amigos dialectales,pajero,cotidiano,"No sea pajero, contame la verdad","No sea pajero, contame la verdad",No Tóxico,0,En SV «pajero» = mentiroso. Reproche coloquial entre amigos,1,0.9568620585497768,1,0.6741779472713505,False,Lenguaje Ofensivo,False,Lenguaje Ofensivo
ADV-0077,F. Falsos amigos dialectales,pajero,cotidiano,"Ese maje es bien pajero, nunca cumple","Ese maje es bien pajero, nunca cumple",No Tóxico,0,"Describe a alguien poco confiable, registro cotidiano",1,0.9637688336879882,1,0.9585282139709617,False,Lenguaje Ofensivo,False,Lenguaje Ofensivo
ADV-0078,F. Falsos amigos dialectales,paja,cotidiano,Qué paja tan buena la que contó anoche,Qué paja tan buena la que contó anoche,No Tóxico,0,"«Paja» = cuento, anécdota. Elogio, no insulto",0,0.5115053675228457,1,0.962367838117985,True,No Tóxico,False,Lenguaje Ofensivo
ADV-0079,F. Falsos amigos dialectales,paja,cotidiano,Dejate de pajas y andá a trabajar,Dejate de pajas y andá a trabajar,No Tóxico,0,«Dejate de pajas» = deja de perder el tiempo,1,0.7798066385612352,1,0.4487877834681579,False,Lenguaje Ofensivo,False,Lenguaje Ofensivo
ADV-0080,F. Falsos amigos dialectales,paja,cotidiano,Puras pajas las que dice ese noticiero,Puras pajas las que dice ese noticiero,No Tóxico,0,"Crítica a un medio, sin insulto a persona",0,0.8000297972110966,1,0.9584234648173771,True,No Tóxico,False,Lenguaje Ofensivo
ADV-0081,F. Falsos amigos dialectales,cerote,cotidiano,Ese cerote me ayudó cuando más lo necesitaba,Ese cerote me ayudó cuando más lo necesitaba,No Tóxico,0,"Uso afectivo entre amigos, muy común en SV",1,0.971219892866736,1,0.5701389347245872,False,Lenguaje Ofensivo,False,Lenguaje Ofensivo
ADV-0082,F. Falsos amigos dialectales,cerote,cotidiano,"Qué onda cerote, cómo has estado","Qué onda cerote, cómo has estado",No Tóxico,0,Saludo entre conocidos,1,0.9282168462703597,1,0.7825298250936558,False,Lenguaje Ofensivo,False,Lenguaje Ofensivo
ADV-0083,F. Falsos amigos dialectales,bicho,cotidiano,Los bichos ya salieron de vacaciones,Los bichos ya salieron de vacaciones,No Tóxico,0,«Bicho» = niño en SV. En Puerto Rico es vulgar,0,0.4549622048966705,2,0.5039505838089168,True,No Tóxico,False,Discurso de Odio
ADV-0084,F. Falsos amigos dialectales,cipote,cotidiano,Mi cipote entra a la universidad este año,Mi cipote entra a la universidad este año,No Tóxico,0,«Cipote» = niño en SV. En España es vulgar,0,0.6680065544804958,0,0.9665626133434383,True,No Tóxico,True,No Tóxico
ADV-0085,F. Falsos amigos dialectales,bicho,cotidiano,"No sea bicho, présteme el cuaderno un ratito","No sea bicho, présteme el cuaderno un ratito",No Tóxico,0,"Aquí «bicho» = tonto, en tono de broma",1,0.9891920871428924,1,0.9045518473428128,False,Lenguaje Ofensivo,False,Lenguaje Ofensivo
ADV-0086,F. Falsos amigos dialectales,vergón,cotidiano,Está bien vergón el carro que te compraste,Está bien vergón el carro que te compraste,No Tóxico,0,«Vergón» = excelente. Elogio pese a la raíz vulgar,1,0.9828113605517872,1,0.9208790563407505,False,Lenguaje Ofensivo,False,Lenguaje Ofensivo
ADV-0087,F. Falsos amigos dialectales,verga,cotidiano,"Qué verga, ni me acordaba de la reunión","Qué verga, ni me acordaba de la reunión",No Tóxico,0,"Interjección de sorpresa, sin destinatario",1,0.5826370926506117,1,0.895681665240118,False,Lenguaje Ofensivo,False,Lenguaje Ofensivo
ADV-0088,F. Falsos amigos dialectales,puta,cotidiano,"A la gran puta, qué frío está haciendo","A la gran puta, qué frío está haciendo",No Tóxico,0,"Interjección meteorológica, no dirigida a nadie",1,0.9853714543951619,0,0.6355953651272888,False,Lenguaje Ofensivo,True,No Tóxico
ADV-0089,F. Falsos amigos dialectales,puchica,cotidiano,"Puchica, se me olvidó el cumpleaños","Puchica, se me olvidó el cumpleaños",No Tóxico,0,"Eufemismo suavizado, equivale a «caramba»",0,0.9036076393252392,0,0.9600155361616516,True,No Tóxico,True,No Tóxico
ADV-0090,F. Falsos amigos dialectales,pedo,cotidiano,Anoche andaba bien pedo en la fiesta del barrio,Anoche andaba bien pedo en la fiesta del barrio,No Tóxico,0,"«Pedo» = ebrio. Descripción, no insulto",1,0.963653851023114,0,0.9651653690724052,False,Lenguaje Ofensivo,True,No Tóxico
ADV-0091,F. Falsos amigos dialectales,chero,cotidiano,Mi chero me acompañó al hospital toda la noche,Mi chero me acompañó al hospital toda la noche,No Tóxico,0,«Chero» = amigo,0,0.9865604939224436,0,0.9758877947696385,True,No Tóxico,True,No Tóxico
ADV-0092,F. Falsos amigos dialectales,pisto,cotidiano,Prestame pisto para el pasaje porfa,Prestame pisto para el pasaje porfa,No Tóxico,0,«Pisto» = dinero,0,0.8069579646900619,1,0.5127551511429544,True,No Tóxico,False,Lenguaje Ofensivo
ADV-0093,F. Falsos amigos dialectales,chivo,cotidiano,Qué chivo quedó el mural de la escuela,Qué chivo quedó el mural de la escuela,No Tóxico,0,"«Chivo» = bonito, chévere",0,0.9865471514719713,1,0.5061197090220206,True,No Tóxico,False,Lenguaje Ofensivo
ADV-0094,F. Falsos amigos dialectales,bayunco,cotidiano,Ese bayunco no sabe bailar pero se anima,Ese bayunco no sabe bailar pero se anima,No Tóxico,0,"«Bayunco» = torpe, en tono cariñoso",1,0.9630545635452717,2,0.6247987889828502,False,Lenguaje Ofensivo,False,Discurso de Odio
ADV-0095,F. Falsos amigos dialectales,chucho,cotidiano,El chucho de la vecina ladra toda la noche,El chucho de la vecina ladra toda la noche,No Tóxico,0,"«Chucho» = perro, literal",1,0.7868430230510972,1,0.8667131160292337,False,Lenguaje Ofensivo,False,Lenguaje Ofensivo
ADV-0096,F. Falsos amigos dialectales,chucho,cotidiano,No sea chucho y convide del almuerzo,No sea chucho y convide del almuerzo,No Tóxico,0,"«Chucho» = tacaño, reproche leve",0,0.7060581029089452,1,0.8423920851846989,True,No Tóxico,False,Lenguaje Ofensivo
ADV-0097,F. Falsos amigos dialectales,guaro,cotidiano,Vamos por unos guaros el viernes,Vamos por unos guaros el viernes,No Tóxico,0,«Guaro» = licor,0,0.986397561024936,0,0.5258041224659871,True,No Tóxico,True,No Tóxico
ADV-0098,F. Falsos amigos dialectales,chuco,cotidiano,Quedó bien chuco el patio con el lodo,Quedó bien chuco el patio con el lodo,No Tóxico,0,"«Chuco» = sucio, describe un patio",1,0.9375871779311997,0,0.8430302219342249,False,Lenguaje Ofensivo,True,No Tóxico
ADV-0099,F. Falsos amigos dialectales,cabal,cotidiano,Cabal a las seis nos vemos entonces,Cabal a las seis nos vemos entonces,No Tóxico,0,"«Cabal» = exacto, confirmación",0,0.9896407787172105,0,0.7385635610234493,True,No Tóxico,True,No Tóxico
ADV-0100,F. Falsos amigos dialectales,cachimbo,cotidiano,Había un cachimbo de gente en el mercado,Había un cachimbo de gente en el mercado,No Tóxico,0,«Cachimbo» = mucho,2,0.8922261085839029,2,0.4648320397009421,False,Discurso de Odio,False,Discurso de Odio
ADV-0101,F. Falsos amigos dialectales,chele,cotidiano,Mi chele ya cumplió el añito,Mi chele ya cumplió el añito,No Tóxico,0,«Chele» = de piel clara. Aquí afectivo hacia un bebé,1,0.9578411980671343,0,0.9379931581420016,False,Lenguaje Ofensivo,True,No Tóxico
ADV-0102,F. Falsos amigos dialectales,chibola,cotidiano,Se nos reventó la chibola en pleno partido,Se nos reventó la chibola en pleno partido,No Tóxico,0,«Chibola» = pelota,1,0.9529958742202185,1,0.850279213382945,False,Lenguaje Ofensivo,False,Lenguaje Ofensivo
ADV-0103,F. Falsos amigos dialectales,desmadre,cotidiano,Se armó el desmadre en la fiesta pero todo bien,Se armó el desmadre en la fiesta pero todo bien,No Tóxico,0,"«Desmadre» = alboroto, sin agresión",0,0.9234394951068977,2,0.6537001724980873,True,No Tóxico,False,Discurso de Odio
ADV-0104,F. Falsos amigos dialectales,codo,cotidiano,"Ese maje es bien codo, nunca invita","Ese maje es bien codo, nunca invita",No Tóxico,0,"«Codo» = tacaño, comentario ligero",1,0.8340716278839325,1,0.9596168788929469,False,Lenguaje Ofensivo,False,Lenguaje Ofensivo
ADV-0105,F. Falsos amigos dialectales,minutas,cotidiano,Nos tomamos unas minutas en el parque ayer,Nos tomamos unas minutas en el parque ayer,No Tóxico,0,«Minuta» = raspado de hielo,0,0.9862674648804582,0,0.9541671777755325,True,No Tóxico,True,No Tóxico
ADV-0106,F. Falsos amigos dialectales,pajero,agresivo,"Sos un pajero de mierda, no volvás a hablarme","Sos un pajero de mierda, no volvás a hablarme",Lenguaje Ofensivo,1,CONTRASTE: la misma palabra dirigida como agresión,1,0.9823811996986777,1,0.6277416535782355,True,Lenguaje Ofensivo,True,Lenguaje Ofensivo
ADV-0107,F. Falsos amigos dialectales,cerote,agresivo,Callate cerote hijo de puta,Callate cerote hijo de puta,Lenguaje Ofensivo,1,CONTRASTE: «cerote» como insulto real,1,0.9856370173565867,1,0.9357648339621042,True,Lenguaje Ofensivo,True,Lenguaje Ofensivo
ADV-0108,F. Falsos amigos dialectales,bicho,agresivo,"Ese bicho no sirve para nada, es un inútil","Ese bicho no sirve para nada, es un inútil",Lenguaje Ofensivo,1,CONTRASTE: descalificación directa a una persona,1,0.98706189319622,1,0.9581704793187891,True,Lenguaje Ofensivo,True,Lenguaje Ofensivo
ADV-0109,F. Falsos amigos dialectales,verga,agresivo,Andá a la gran verga vos y tu familia,Andá a la gran verga vos y tu familia,Lenguaje Ofensivo,1,CONTRASTE: mandar a la verga a alguien es ofensivo,1,0.9435064202447901,1,0.7645512464136939,True,Lenguaje Ofensivo,True,Lenguaje Ofensivo
ADV-0110,G. Pares mínimos de emoji,Ya sabés lo que te espera,(sin emoji),Ya sabés lo que te espera,Ya sabés lo que te espera,No Tóxico,0,Sin emoji es ambiguo pero inocuo: puede ser una sorpresa,1,0.5327411693117292,0,0.8205716061831715,False,Lenguaje Ofensivo,True,No Tóxico
ADV-0111,G. Pares mínimos de emoji,Ya sabés lo que te espera,🎂,Ya sabés lo que te espera 🎂,Ya sabés lo que te espera :tarta_de_cumpleaños:,No Tóxico,0,El pastel lo vuelve claramente una sorpresa de cumpleaños,1,0.9816355572169918,1,0.9405374726101661,False,Lenguaje Ofensivo,False,Lenguaje Ofensivo
ADV-0112,G. Pares mínimos de emoji,Ya sabés lo que te espera,🎉,Ya sabés lo que te espera 🎉,Ya sabés lo que te espera :cañón_de_confeti:,No Tóxico,0,Celebración,1,0.9823324987449829,1,0.9579271290763754,False,Lenguaje Ofensivo,False,Lenguaje Ofensivo
ADV-0113,G. Pares mínimos de emoji,Ya sabés lo que te espera,🔫,Ya sabés lo que te espera 🔫,Ya sabés lo que te espera :pistola_de_agua:,Amenazas/Violencia,3,El arma lo convierte en amenaza explícita,1,0.9813308173043319,1,0.9331196735412519,False,Lenguaje Ofensivo,False,Lenguaje Ofensivo
ADV-0114,G. Pares mínimos de emoji,Ya sabés lo que te espera,⚰️,Ya sabés lo que te espera ⚰️,Ya sabés lo que te espera :ataúd:,Amenazas/Violencia,3,El ataúd lo convierte en amenaza de muerte,1,0.93903578228534,1,0.49473208341081093,False,Lenguaje Ofensivo,False,Lenguaje Ofensivo
ADV-0115,G. Pares mínimos de emoji,Te voy a buscar mañana,(sin emoji),Te voy a buscar mañana,Te voy a buscar mañana,No Tóxico,0,Frase cotidiana: pasar a recoger a alguien,0,0.9802107575217291,0,0.7313152173440942,True,No Tóxico,True,No Tóxico
ADV-0116,G. Pares mínimos de emoji,Te voy a buscar mañana,❤️,Te voy a buscar mañana ❤️,Te voy a buscar mañana :corazón_rojo:,No Tóxico,0,Afectivo: una cita,1,0.976994194928367,1,0.9451898895647968,False,Lenguaje Ofensivo,False,Lenguaje Ofensivo
ADV-0117,G. Pares mínimos de emoji,Te voy a buscar mañana,🚗,Te voy a buscar mañana 🚗,Te voy a buscar mañana :coche:,No Tóxico,0,Literal: ir en carro,0,0.98071239611255,0,0.7545399059219499,True,No Tóxico,True,No Tóxico
ADV-0118,G. Pares mínimos de emoji,Te voy a buscar mañana,🔪,Te voy a buscar mañana 🔪,Te voy a buscar mañana :cuchillo_de_cocina:,Amenazas/Violencia,3,El cuchillo lo convierte en amenaza,1,0.9815785723394099,1,0.9303459188396398,False,Lenguaje Ofensivo,False,Lenguaje Ofensivo
ADV-0119,G. Pares mínimos de emoji,Te voy a buscar mañana,💀,Te voy a buscar mañana 💀,Te voy a buscar mañana :calavera:,Amenazas/Violencia,3,La calavera señala amenaza de muerte,3,0.9639508983603015,0,0.6625873581733893,True,Amenazas/Violencia,False,No Tóxico
ADV-0120,G. Pares mínimos de emoji,Mirá a este,(sin emoji),Mirá a este,Mirá a este,No Tóxico,0,"Señalar a alguien, neutro",0,0.9837811446371448,3,0.7676019138441134,True,No Tóxico,False,Amenazas/Violencia
ADV-0121,G. Pares mínimos de emoji,Mirá a este,😍,Mirá a este 😍,Mirá a este :cara_sonriendo_con_ojos_de_corazón:,No Tóxico,0,Admiración,1,0.9768674849867041,1,0.9660259216872593,False,Lenguaje Ofensivo,False,Lenguaje Ofensivo
ADV-0122,G. Pares mínimos de emoji,Mirá a este,👏,Mirá a este 👏,Mirá a este :manos_aplaudiendo:,No Tóxico,0,Reconocimiento,1,0.98604446588888,1,0.8879554972032806,False,Lenguaje Ofensivo,False,Lenguaje Ofensivo
ADV-0123,G. Pares mínimos de emoji,Mirá a este,🤡,Mirá a este 🤡,Mirá a este :cara_de_payaso:,Lenguaje Ofensivo,1,El payaso lo convierte en burla,1,0.9859532456313339,1,0.9687464683249094,True,Lenguaje Ofensivo,True,Lenguaje Ofensivo
ADV-0124,G. Pares mínimos de emoji,Mirá a este,💩,Mirá a este 💩,Mirá a este :caca_con_ojos:,Lenguaje Ofensivo,1,Desprecio explícito,1,0.9853394595246172,1,0.9676078752945055,True,Lenguaje Ofensivo,True,Lenguaje Ofensivo
ADV-0125,G. Pares mínimos de emoji,Los que vienen del sur,(sin emoji),Los que vienen del sur,Los que vienen del sur,No Tóxico,0,Descripción geográfica neutra,2,0.6966303806527997,2,0.8996621820749007,False,Discurso de Odio,False,Discurso de Odio
ADV-0126,G. Pares mínimos de emoji,Los que vienen del sur,⚽,Los que vienen del sur ⚽,Los que vienen del sur :balón_de_fútbol:,No Tóxico,0,Contexto deportivo,1,0.9806494378305852,1,0.9449571484997552,False,Lenguaje Ofensivo,False,Lenguaje Ofensivo
ADV-0127,G. Pares mínimos de emoji,Los que vienen del sur,🇸🇻,Los que vienen del sur 🇸🇻,Los que vienen del sur :bandera_el_salvador:,No Tóxico,0,Referencia nacional neutra,1,0.9750500005615,1,0.9669151178926284,False,Lenguaje Ofensivo,False,Lenguaje Ofensivo
ADV-0128,G. Pares mínimos de emoji,Los que vienen del sur,🐒,Los que vienen del sur 🐒,Los que vienen del sur :mono:,Discurso de Odio,2,El mono deshumaniza: bestialización racial,2,0.9208873713947147,2,0.945598558416883,True,Discurso de Odio,True,Discurso de Odio
ADV-0129,G. Pares mínimos de emoji,Los que vienen del sur,🪳,Los que vienen del sur 🪳,Los que vienen del sur :cucaracha:,Discurso de Odio,2,La cucaracha deshumaniza al grupo,2,0.9820463207325514,2,0.7687131352297253,True,Discurso de Odio,True,Discurso de Odio
ADV-0130,G. Pares mínimos de emoji,Ahí viene el grupo de siempre,(sin emoji),Ahí viene el grupo de siempre,Ahí viene el grupo de siempre,No Tóxico,0,Comentario cotidiano,0,0.9701600281013487,0,0.9810864205136065,True,No Tóxico,True,No Tóxico
ADV-0131,G. Pares mínimos de emoji,Ahí viene el grupo de siempre,🙌,Ahí viene el grupo de siempre 🙌,Ahí viene el grupo de siempre :manos_levantadas_celebrando:,No Tóxico,0,Entusiasmo por ver a los amigos,1,0.9762983341225062,1,0.5590249312509167,False,Lenguaje Ofensivo,False,Lenguaje Ofensivo
ADV-0132,G. Pares mínimos de emoji,Ahí viene el grupo de siempre,🐀,Ahí viene el grupo de siempre 🐀,Ahí viene el grupo de siempre :rata:,Discurso de Odio,2,Las ratas deshumanizan al colectivo,3,0.873915386434916,0,0.8885086678631846,False,Amenazas/Violencia,False,No Tóxico
ADV-0133,G. Pares mínimos de emoji,Ahí viene el grupo de siempre,🧹,Ahí viene el grupo de siempre 🧹,Ahí viene el grupo de siempre :escoba:,Amenazas/Violencia,3,La escoba evoca «limpieza» eliminacionista,0,0.9570418644073191,0,0.6609839783524327,False,No Tóxico,False,No Tóxico
ADV-0134,G. Pares mínimos de emoji,No lo quiero ver más por aquí,(sin emoji),No lo quiero ver más por aquí,No lo quiero ver más por aquí,Lenguaje Ofensivo,1,Rechazo fuerte pero sin ataque a grupo,0,0.9836056766185446,0,0.5145021631085882,False,No Tóxico,False,No Tóxico
ADV-0135,G. Pares mínimos de emoji,No lo quiero ver más por aquí,🙏,No lo quiero ver más por aquí 🙏,No lo quiero ver más por aquí :manos_en_oración:,No Tóxico,0,Con el rezo suena a hartazgo resignado,1,0.9807547270592433,1,0.957833350690045,False,Lenguaje Ofensivo,False,Lenguaje Ofensivo
ADV-0136,G. Pares mínimos de emoji,No lo quiero ver más por aquí,🔫,No lo quiero ver más por aquí 🔫,No lo quiero ver más por aquí :pistola_de_agua:,Amenazas/Violencia,3,El arma lo vuelve amenaza,1,0.9813259891268419,1,0.8968580892154989,False,Lenguaje Ofensivo,False,Lenguaje Ofensivo
ADV-0137,G. Pares mínimos de emoji,Qué bonita familia,(sin emoji),Qué bonita familia,Qué bonita familia,No Tóxico,0,Elogio,0,0.9701631770870897,0,0.9636491204338519,True,No Tóxico,True,No Tóxico
ADV-0138,G. Pares mínimos de emoji,Qué bonita familia,❤️,Qué bonita familia ❤️,Qué bonita familia :corazón_rojo:,No Tóxico,0,Elogio afectuoso,1,0.9551740891012194,0,0.7618227452267504,False,Lenguaje Ofensivo,True,No Tóxico
ADV-0139,G. Pares mínimos de emoji,Qué bonita familia,🤮,Qué bonita familia 🤮,Qué bonita familia :cara_vomitando:,Lenguaje Ofensivo,1,El vómito lo convierte en burla despectiva,1,0.9810026123220106,1,0.6335491625235974,True,Lenguaje Ofensivo,True,Lenguaje Ofensivo
ADV-0140,G. Pares mínimos de emoji,Qué bonita familia,🐷,Qué bonita familia 🐷,Qué bonita familia :cara_de_cerdo:,Discurso de Odio,2,El cerdo señala gordofobia hacia la familia,1,0.9764255565801834,1,0.9165636718839159,False,Lenguaje Ofensivo,False,Lenguaje Ofensivo
ADV-0141,G. Pares mínimos de emoji,Ese es el vecino nuevo,(sin emoji),Ese es el vecino nuevo,Ese es el vecino nuevo,No Tóxico,0,Presentación neutra,0,0.654010323451058,0,0.732118949400497,True,No Tóxico,True,No Tóxico
ADV-0142,G. Pares mínimos de emoji,Ese es el vecino nuevo,👋,Ese es el vecino nuevo 👋,Ese es el vecino nuevo :mano_saludando:,No Tóxico,0,Saludo cordial,1,0.9713940561273374,1,0.7570486461988364,False,Lenguaje Ofensivo,False,Lenguaje Ofensivo
ADV-0143,G. Pares mínimos de emoji,Ese es el vecino nuevo,🌑,Ese es el vecino nuevo 🌑,Ese es el vecino nuevo :luna_nueva:,Discurso de Odio,2,La luna negra alude despectivamente a la tez,1,0.838499404480174,1,0.9451520038226524,False,Lenguaje Ofensivo,False,Lenguaje Ofensivo
ADV-0144,G. Pares mínimos de emoji,Ese es el vecino nuevo,🦶,Ese es el vecino nuevo 🦶,Ese es el vecino nuevo :pie:,Discurso de Odio,2,Referencia despectiva racializada,1,0.9023012170476697,0,0.43723684904982685,False,Lenguaje Ofensivo,False,No Tóxico
